LetterID,Symbol_1,Proximity_1,Symbol_2,Proximity_2,Symbol_3,Proximity_3,Symbol_4,Proximity_4,Symbol_5,Proximity_5,Symbol_6,Proximity_6,Symbol_7,Proximity_7,Symbol_8,Proximity_8,Symbol_9,Proximity_9,Symbol_10,Proximity_10,Symbol_11,Proximity_11,Symbol_12,Proximity_12,Symbol_13,Proximity_13,Symbol_14,Proximity_14,Symbol_15,Proximity_15,Symbol_16,Proximity_16,Symbol_17,Proximity_17,Symbol_18,Proximity_18,Symbol_19,Proximity_19,Symbol_20,Proximity_20,Symbol_21,Proximity_21,Symbol_22,Proximity_22,Symbol_23,Proximity_23,Symbol_24,Proximity_24,Symbol_25,Proximity_25,Symbol_26,Proximity_26,Symbol_27,Proximity_27,Symbol_28,Proximity_28,Symbol_29,Proximity_29,Symbol_30,Proximity_30,Symbol_31,Proximity_31,Symbol_32,Proximity_32,Symbol_33,Proximity_33,Symbol_34,Proximity_34,Symbol_35,Proximity_35,Symbol_36,Proximity_36,Symbol_37,Proximity_37,Symbol_38,Proximity_38,Symbol_39,Proximity_39,Symbol_40,Proximity_40,Symbol_41,Proximity_41,Symbol_42,Proximity_42,Symbol_43,Proximity_43,Symbol_44,Proximity_44,Symbol_45,Proximity_45,Symbol_46,Proximity_46,Symbol_47,Proximity_47,Symbol_48,Proximity_48,Symbol_49,Proximity_49,Symbol_50,Proximity_50,Symbol_51,Proximity_51,Symbol_52,Proximity_52,Symbol_53,Proximity_53,Symbol_54,Proximity_54,Symbol_55,Proximity_55,Symbol_56,Proximity_56,Symbol_57,Proximity_57
0,ੱ,0.9146338829153298,ਐ,0.84812372796561,ਔ,0.8430216078498689,ਛ,0.8330556810717349,ਜ਼,0.8319675679114309,ਮ,0.8206371594429529,ਜ,0.8184858148008975,ਘ,0.7992466172979973,ਹ,0.7904846353747281,ਪ,0.788354228665871,ਙ,0.7882650113147139,ਠ,0.7752576041337143,ਸ,0.7734225754331974,ਫ,0.76304805962957,ੳ,0.7614776977416076,ਚ,0.7463211071854898,ਖ,0.7189393677618703,ਡ,0.7141315894608699,ਅ,0.7137673217080183,ਏ,0.7134748582727619,ਖ਼,0.7097499916947361,ਃ,0.7038170319610764,ਭ,0.7023173423969263,ਓ,0.7018491074554623,ਫ਼,0.694227187166131,ਉ,0.688102990884998,ਕ,0.6873867310264248,ਯ,0.6846457785913378,ਈ,0.6834879074793841,ਸ਼,0.6746451335026058,ਗ,0.6664578099516665,ਵ,0.6612900240253947,ਦ,0.6513429001794839,ੜ,0.6445776615018233,ਗ਼,0.6420654858932233,ਊ,0.6417597098823853,ਧ,0.6380839016539727,ꁑ,0.6374644712470708,ਤ,0.6341380704489006,ੴ,0.6174340721701828,ਇ,0.595936277226663,ਨ,0.5954235501322622,ਰ,0.5854635641741595,ਲ,0.5648076997591651,ਬ,0.5471896011842214,ੲ,0.5220509804384648,ਢ,0.5217932259632698,ਣ,0.516639498606084,ਞ,0.50713826469082,ਲ਼,0.5017918441768813,ਝ,0.4721532253106284,ਥ,0.47061446435003984,ਟ,0.46742861985439965,ਆ,0.46185920111764245,੍,0.0858232250970371,ਂ,0.04929875905396286,ੰ,0.0
1,ਏ,0.30202638027573514,ਸ਼,0.27454733648142504,ਇ,0.27157568525190967,ਓ,0.26252329356711335,ੱ,0.2610914197905705,ਫ਼,0.2526262150361255,ਛ,0.25194640154718617,ਸ,0.2351733150522779,ੲ,0.22325781521946442,ਙ,0.21757246253892093,ਖ਼,0.2174638258125532,ਫ,0.21691833390977922,ਉ,0.21098191890904217,ੜ,0.20921171631724444,ਞ,0.2085621892994859,ਦ,0.20808543724909667,ੰ,0.20779298406491153,ਵ,0.20665708041549014,ੳ,0.2034111313241913,ੴ,0.20280795291656728,ਜ,0.20016303490613796,ਲ਼,0.19814661057905558,ਊ,0.1963727785528805,ਃ,0.19227492510392186,ਨ,0.19108182490840886,ਅ,0.18355916775194936,ਲ,0.18277742616303105,ਝ,0.18275109563592373,ਜ਼,0.1787586728662598,ਐ,0.17867882818222103,ਡ,0.17796544814304915,ਠ,0.17562914512151562,ਘ,0.1742111310784512,ਮ,0.1695261951171455,ਯ,0.1691821067942214,ਚ,0.16887369278705655,ਰ,0.16746258153464222,ਣ,0.1644778212513719,ਪ,0.16225948404804935,ਭ,0.16163590828220653,ਬ,0.15500694365626266,ꁑ,0.14737858827332495,ਤ,0.1411641584230443,ਂ,0.13477555843389988,ਹ,0.1329097919493899,ਢ,0.1322686669250973,ਟ,0.1309710249563315,ਖ,0.13093687003501453,ਧ,0.12778942398718285,ਕ,0.12113896111591804,ਈ,0.11517597597065687,ਗ਼,0.11216082122967563,ਥ,0.11036518222034786,ਗ,0.10252722149179816,ਆ,0.09920959805485341,ਔ,0.08703759093837371,੍,0.0
2,ਛ,0.8479946032459442,ਜ਼,0.8053027339247782,ਫ,0.7736409324985761,ਗ,0.7689189985614552,ਚ,0.7638383794339907,ਡ,0.7606178395351942,ਗ਼,0.7522900433921617,ਙ,0.7456551680204415,ਸ,0.7350187247607952,ਜ,0.7310827842386858,ਹ,0.725947241117106,ੱ,0.7236456271948666,ਭ,0.7186471763113734,ਠ,0.7171824823890566,ਕ,0.707770429284281,ਘ,0.7064362789976362,ਫ਼,0.694579611386633,ਮ,0.6885359736812358,ਖ,0.667135630587795,ਸ਼,0.6669656981106145,ਔ,0.6549579140895805,ਯ,0.6490119764443837,ਐ,0.6406639846070605,ੜ,0.6348246272684391,ਧ,0.6311033275176616,ੳ,0.6294200688890867,ਬ,0.6274423282518516,ਵ,0.6250792355145262,ਈ,0.6209286699880578,ਖ਼,0.6206723971726731,ੴ,0.6197996105993455,ਪ,0.6050912151128878,ਅ,0.6047205512642437,ਤ,0.6021460022700944,ਲ,0.6014651953930921,ਰ,0.6010944255102597,ਂ,0.6006417842590226,ਥ,0.5869410410936797,ਢ,0.5826767707587065,ਦ,0.5769119391596782,ꁑ,0.5723986678343334,ਉ,0.5475064794206348,ਓ,0.5350510419194969,ਣ,0.5264507430368426,ਏ,0.5239263382113928,ਞ,0.5176184104967816,ਊ,0.515858238120915,ਝ,0.5126955491900396,ੲ,0.5082094780786542,ਨ,0.5014052571542433,ਃ,0.4800483897212938,ਟ,0.4564640342179461,ਲ਼,0.449118384432991,ਆ,0.4345163841175155,ਇ,0.36032378481172056,ੰ,0.20022828698458106,੍,0.0
3,ਙ,0.7651905906508016,ਇ,0.702522700876346,ਸ਼,0.7023245273274916,ਸ,0.6868364875698634,ਛ,0.6769031451693476,ਘ,0.6491547755082439,ਓ,0.6443535305737993,ਫ਼,0.6386434267159897,ਖ਼,0.6327918111125592,ਫ,0.6206282013534938,ੱ,0.6126995268923989,ਅ,0.5920065355558122,ਏ,0.5904918987316259,ਚ,0.5899128148874624,ੜ,0.5892816154568457,ਜ,0.578521105665783,ਜ਼,0.5780840894363778,ਠ,0.571961204176607,ਵ,0.5698219850933249,ਡ,0.5665067360311159,ੳ,0.5534288236580438,ਲ,0.5530787606865578,ਪ,0.543673772224958,ਯ,0.542562961910911,ਝ,0.5364893452062943,ਦ,0.529496601655043,ਞ,0.5276836644313943,ਖ,0.5222500561769541,ਭ,0.5182334185526991,ਢ,0.5133716849430661,ꁑ,0.511856714371592,ਮ,0.5095081035397724,ਨ,0.5052637485144623,ਧ,0.505173663356232,ਬ,0.48904341758002456,ਐ,0.487823745825574,ਕ,0.48396531295037437,ਉ,0.48114002932220457,ਲ਼,0.4774577490765879,ੲ,0.464970245331055,ੴ,0.4607180943605017,ਤ,0.4449121560245076,ਰ,0.43663811743518255,ਊ,0.43121632517797404,ਹ,0.42818876088074675,ਗ਼,0.4267050246241132,ਥ,0.4247080620632868,ਗ,0.42118014233586176,ਣ,0.3384470362858977,ਃ,0.33402107646410983,ੰ,0.3122463758535339,੍,0.27452139828767963,ਆ,0.26055273250780087,ਔ,0.21624403266848802,ਈ,0.18026180186960483,ਟ,0.11815866159891641,ਂ,0.0
4,ੱ,0.950808148186302,ਐ,0.9113809820631917,ਔ,0.8956514401959299,ਮ,0.8664193519097327,ਜ,0.8539846559165065,ਪ,0.8531788212716351,ਏ,0.8528169507080323,ੳ,0.8326624527582421,ਃ,0.824202828783022,ਜ਼,0.8222336636122057,ਛ,0.8209576545400998,ਘ,0.8186545719719558,ਹ,0.8174629548512444,ਓ,0.8164605204263609,ਠ,0.8050287359830675,ਸ,0.8001698140671446,ਉ,0.7929452962604351,ਅ,0.7848082107314233,ਙ,0.7799500346753463,ਖ਼,0.7760896153314599,ਈ,0.7757515059914035,ਫ,0.7702269862243747,ਇ,0.7633411636626275,ਦ,0.7521760792032279,ਊ,0.7518321106819233,ਫ਼,0.744184156560616,ਚ,0.7421883198985908,ਖ,0.7418540113482031,ਯ,0.7346929142257441,ਵ,0.7323920308730105,ਸ਼,0.7309370573325087,ਭ,0.717027944693136,ਡ,0.7153018885503685,ਨ,0.7151608239466776,ꁑ,0.7094040661272589,ੜ,0.7035205804687386,ੴ,0.7022087531321031,ਤ,0.7008262795626744,ਕ,0.6948514492958784,ਧ,0.6682408543676346,ਰ,0.6570381373213029,ੲ,0.6552812555343495,ਗ,0.64573582363949,ਲ਼,0.6397294259417379,ਣ,0.6374554102067643,ਗ਼,0.6316841246131656,ਲ,0.6272375282985251,ਟ,0.6265370740928087,ਞ,0.6112033329424225,ਆ,0.6067364830104867,ਬ,0.5830346528116532,ਢ,0.5623706169884934,ਝ,0.553805490308828,ਥ,0.4990546771404676,੍,0.270213012122157,ੰ,0.18655304154617158,ਂ,0.0
5,ੱ,0.9146338829153298,ਐ,0.84812372796561,ਔ,0.8430216078498689,ਛ,0.8330556810717349,ਜ਼,0.8319675679114309,ਮ,0.8206371594429529,ਜ,0.8184858148008975,ਘ,0.7992466172979973,ਹ,0.7904846353747281,ਪ,0.788354228665871,ਙ,0.7882650113147139,ਠ,0.7752576041337143,ਸ,0.7734225754331974,ਫ,0.76304805962957,ੳ,0.7614776977416076,ਚ,0.7463211071854898,ਖ,0.7189393677618703,ਡ,0.7141315894608699,ਅ,0.7137673217080183,ਏ,0.7134748582727619,ਖ਼,0.7097499916947361,ਃ,0.7038170319610764,ਭ,0.7023173423969263,ਓ,0.7018491074554623,ਫ਼,0.694227187166131,ਉ,0.688102990884998,ਕ,0.6873867310264248,ਯ,0.6846457785913378,ਈ,0.6834879074793841,ਸ਼,0.6746451335026058,ਗ,0.6664578099516665,ਵ,0.6612900240253947,ਦ,0.6513429001794839,ੜ,0.6445776615018233,ਗ਼,0.6420654858932233,ਊ,0.6417597098823853,ਧ,0.6380839016539727,ꁑ,0.6374644712470708,ਤ,0.6341380704489006,ੴ,0.6174340721701828,ਇ,0.595936277226663,ਨ,0.5954235501322622,ਰ,0.5854635641741595,ਲ,0.5648076997591651,ਬ,0.5471896011842214,ੲ,0.5220509804384648,ਢ,0.5217932259632698,ਣ,0.516639498606084,ਞ,0.50713826469082,ਲ਼,0.5017918441768813,ਝ,0.4721532253106284,ਥ,0.47061446435003984,ਟ,0.46742861985439965,ਆ,0.46185920111764245,੍,0.0858232250970371,ਂ,0.04929875905396286,ੰ,0.0
6,ਏ,0.30202638027573514,ਸ਼,0.27454733648142504,ਇ,0.27157568525190967,ਓ,0.26252329356711335,ੱ,0.2610914197905705,ਫ਼,0.2526262150361255,ਛ,0.25194640154718617,ਸ,0.2351733150522779,ੲ,0.22325781521946442,ਙ,0.21757246253892093,ਖ਼,0.2174638258125532,ਫ,0.21691833390977922,ਉ,0.21098191890904217,ੜ,0.20921171631724444,ਞ,0.2085621892994859,ਦ,0.20808543724909667,ੰ,0.20779298406491153,ਵ,0.20665708041549014,ੳ,0.2034111313241913,ੴ,0.20280795291656728,ਜ,0.20016303490613796,ਲ਼,0.19814661057905558,ਊ,0.1963727785528805,ਃ,0.19227492510392186,ਨ,0.19108182490840886,ਅ,0.18355916775194936,ਲ,0.18277742616303105,ਝ,0.18275109563592373,ਜ਼,0.1787586728662598,ਐ,0.17867882818222103,ਡ,0.17796544814304915,ਠ,0.17562914512151562,ਘ,0.1742111310784512,ਮ,0.1695261951171455,ਯ,0.1691821067942214,ਚ,0.16887369278705655,ਰ,0.16746258153464222,ਣ,0.1644778212513719,ਪ,0.16225948404804935,ਭ,0.16163590828220653,ਬ,0.15500694365626266,ꁑ,0.14737858827332495,ਤ,0.1411641584230443,ਂ,0.13477555843389988,ਹ,0.1329097919493899,ਢ,0.1322686669250973,ਟ,0.1309710249563315,ਖ,0.13093687003501453,ਧ,0.12778942398718285,ਕ,0.12113896111591804,ਈ,0.11517597597065687,ਗ਼,0.11216082122967563,ਥ,0.11036518222034786,ਗ,0.10252722149179816,ਆ,0.09920959805485341,ਔ,0.08703759093837371,੍,0.0
7,ੱ,0.950808148186302,ਐ,0.9113809820631917,ਔ,0.8956514401959299,ਮ,0.8664193519097327,ਜ,0.8539846559165065,ਪ,0.8531788212716351,ਏ,0.8528169507080323,ੳ,0.8326624527582421,ਃ,0.824202828783022,ਜ਼,0.8222336636122057,ਛ,0.8209576545400998,ਘ,0.8186545719719558,ਹ,0.8174629548512444,ਓ,0.8164605204263609,ਠ,0.8050287359830675,ਸ,0.8001698140671446,ਉ,0.7929452962604351,ਅ,0.7848082107314233,ਙ,0.7799500346753463,ਖ਼,0.7760896153314599,ਈ,0.7757515059914035,ਫ,0.7702269862243747,ਇ,0.7633411636626275,ਦ,0.7521760792032279,ਊ,0.7518321106819233,ਫ਼,0.744184156560616,ਚ,0.7421883198985908,ਖ,0.7418540113482031,ਯ,0.7346929142257441,ਵ,0.7323920308730105,ਸ਼,0.7309370573325087,ਭ,0.717027944693136,ਡ,0.7153018885503685,ਨ,0.7151608239466776,ꁑ,0.7094040661272589,ੜ,0.7035205804687386,ੴ,0.7022087531321031,ਤ,0.7008262795626744,ਕ,0.6948514492958784,ਧ,0.6682408543676346,ਰ,0.6570381373213029,ੲ,0.6552812555343495,ਗ,0.64573582363949,ਲ਼,0.6397294259417379,ਣ,0.6374554102067643,ਗ਼,0.6316841246131656,ਲ,0.6272375282985251,ਟ,0.6265370740928087,ਞ,0.6112033329424225,ਆ,0.6067364830104867,ਬ,0.5830346528116532,ਢ,0.5623706169884934,ਝ,0.553805490308828,ਥ,0.4990546771404676,੍,0.270213012122157,ੰ,0.18655304154617158,ਂ,0.0
8,ੱ,0.8653267100686497,ਔ,0.8472845568130278,ਐ,0.8416458328936565,ਪ,0.801708660035708,ਮ,0.7897300304779282,ਘ,0.7852413522156592,ਜ਼,0.7725332733734145,ਙ,0.7670423056196011,ਜ,0.7586875502356658,ਹ,0.7489720032020087,ੳ,0.730494113206622,ਠ,0.729165333676162,ਃ,0.7260716743678133,ਛ,0.7255610116530768,ਖ,0.7213961367437678,ਸ,0.7063546763520765,ਚ,0.6982568642080108,ਅ,0.698056130779962,ਫ,0.6859413484800753,ਖ਼,0.6786674984302081,ਓ,0.6731598778527776,ਕ,0.6669252451708219,ਉ,0.6651464733931767,ਭ,0.6586897710942323,ਏ,0.6555044185530765,ਯ,0.6513482535642896,ਡ,0.6511511067889103,ਧ,0.6432177270665216,ꁑ,0.635550109296205,ਊ,0.6308973880950145,ਇ,0.6264139282649173,ਗ,0.6246218955991747,ਈ,0.6189919215691251,ਤ,0.6111396420455302,ਵ,0.6086001001914763,ਫ਼,0.607061446853462,ਦ,0.5984931675529799,ਸ਼,0.5967599434875628,ੜ,0.5950079815772092,ਗ਼,0.5928883727083973,ਨ,0.5741497189736486,ਰ,0.5391350782059692,ੴ,0.5374908769762239,ਢ,0.526769271906611,ਲ,0.5247980636719369,ਬ,0.5191417451958383,ਲ਼,0.4782672374436223,ਥ,0.4771093409656081,ਞ,0.467746872775053,ਝ,0.46374708375898677,ਣ,0.45221881859103286,ੲ,0.4507134204530171,ਆ,0.446084232193397,ਟ,0.4039841414143298,੍,0.33403082007074236,ਂ,0.01843047047991475,ੰ,0.0
9,ਛ,0.41397964898547834,ਫ,0.3915398641010751,ਜ਼,0.38525280290551744,ਙ,0.3840457055896924,ਸ,0.37654710192377616,ਡ,0.3726517399377345,ਸ਼,0.3695019692191147,ਚ,0.3691321335257116,ਫ਼,0.368519891412307,ਭ,0.360566467587613,ਜ,0.3563480625740405,ਗ,0.35127579301492007,ਠ,0.3452682180667399,ਗ਼,0.34457199119437965,ਘ,0.341796733188363,ੜ,0.3380081139748625,ਕ,0.3379973706014805,ਹ,0.3348944396797845,ਖ਼,0.33464184345820613,ੳ,0.33401901619309415,ਮ,0.33328074417358877,ਖ,0.3281581393625158,ਬ,0.3280422427367051,ਵ,0.3254186572386729,ਏ,0.32497401390241065,ਯ,0.32428928136271074,ਐ,0.32104628602938956,ਉ,0.3199343162917805,ੴ,0.3181044037538059,ਧ,0.3178294612207735,ਓ,0.3160588304565458,ਰ,0.3143120425750523,ਃ,0.31340922551699113,ਊ,0.31333653086541313,ਲ,0.30974095391972434,ਅ,0.30609050546275207,ਥ,0.30253160823715697,ਪ,0.3000869575707512,ੱ,0.299923692705087,ਤ,0.29951038594296897,ਦ,0.29899778855570225,ਢ,0.29704954306969256,ਝ,0.29186608015912197,ਞ,0.2917117777795497,ꁑ,0.28774105433067576,ਔ,0.28437749756042585,ਈ,0.2753395792770438,ੲ,0.2753048229985441,ਨ,0.27067413483299585,ਂ,0.2617735290112505,ਣ,0.2609417237342636,ਲ਼,0.2566656505155688,ਇ,0.23472559874620513,ਟ,0.22183924951172185,ਆ,0.19273932203937716,ੰ,0.16397276556806628,੍,0.0
10,ੱ,0.9231794599936061,ਔ,0.8402135610276076,ਐ,0.8058742152240774,ਛ,0.7830345626445885,ਜ਼,0.7758889176744704,ਮ,0.7709115269197138,ਜ,0.7644679303090142,ਹ,0.7492361519955706,ਪ,0.7315084183036487,ਘ,0.729854375380437,ਠ,0.7163575019502342,ਙ,0.7082730107533151,ਸ,0.7062473127811946,ੳ,0.7037660073528489,ਫ,0.7028592920389637,ਚ,0.6848942523697376,ਈ,0.6825031559301786,ਃ,0.6695097565169101,ਏ,0.6661348752433915,ਡ,0.6575309129329755,ਖ,0.6565265933720343,ਅ,0.649422178560948,ਭ,0.6449631164881349,ਖ਼,0.6405300699848271,ਓ,0.6379155556935805,ਉ,0.6363738773873573,ਫ਼,0.6353947330273892,ਕ,0.6318869002020542,ਗ,0.6246602771278813,ਯ,0.6245825496111019,ਸ਼,0.6081827197869719,ਵ,0.6025282360309702,ਗ਼,0.6006583929990106,ਦ,0.6002917345087174,ਊ,0.5919969425072755,ਤ,0.582889124652861,ੜ,0.5818860759513731,ੴ,0.577675758819609,ꁑ,0.5773969567654335,ਧ,0.5759209043005954,ਨ,0.541992671261246,ਰ,0.5383475788888334,ਇ,0.5339264053879766,ਲ,0.5072536421444964,ਬ,0.4928202295698486,ਣ,0.4912195350089795,ੲ,0.48591609917539447,ਟ,0.4733235001317897,ਢ,0.462912932977817,ਞ,0.45406457897945585,ਲ਼,0.453307541109662,ਆ,0.43991480727808185,ਥ,0.4215382058880308,ਝ,0.41343191642542154,ਂ,0.1788960160673153,੍,0.07370345855320792,ੰ,0.0
11,ਏ,0.30202638027573514,ਸ਼,0.27454733648142504,ਇ,0.27157568525190967,ਓ,0.26252329356711335,ੱ,0.2610914197905705,ਫ਼,0.2526262150361255,ਛ,0.25194640154718617,ਸ,0.2351733150522779,ੲ,0.22325781521946442,ਙ,0.21757246253892093,ਖ਼,0.2174638258125532,ਫ,0.21691833390977922,ਉ,0.21098191890904217,ੜ,0.20921171631724444,ਞ,0.2085621892994859,ਦ,0.20808543724909667,ੰ,0.20779298406491153,ਵ,0.20665708041549014,ੳ,0.2034111313241913,ੴ,0.20280795291656728,ਜ,0.20016303490613796,ਲ਼,0.19814661057905558,ਊ,0.1963727785528805,ਃ,0.19227492510392186,ਨ,0.19108182490840886,ਅ,0.18355916775194936,ਲ,0.18277742616303105,ਝ,0.18275109563592373,ਜ਼,0.1787586728662598,ਐ,0.17867882818222103,ਡ,0.17796544814304915,ਠ,0.17562914512151562,ਘ,0.1742111310784512,ਮ,0.1695261951171455,ਯ,0.1691821067942214,ਚ,0.16887369278705655,ਰ,0.16746258153464222,ਣ,0.1644778212513719,ਪ,0.16225948404804935,ਭ,0.16163590828220653,ਬ,0.15500694365626266,ꁑ,0.14737858827332495,ਤ,0.1411641584230443,ਂ,0.13477555843389988,ਹ,0.1329097919493899,ਢ,0.1322686669250973,ਟ,0.1309710249563315,ਖ,0.13093687003501453,ਧ,0.12778942398718285,ਕ,0.12113896111591804,ਈ,0.11517597597065687,ਗ਼,0.11216082122967563,ਥ,0.11036518222034786,ਗ,0.10252722149179816,ਆ,0.09920959805485341,ਔ,0.08703759093837371,੍,0.0
12,ੱ,0.9281409124820927,ਔ,0.9121323397317324,ਐ,0.8889975990294946,ਮ,0.8560755824862631,ਜ,0.8481467144508233,ਛ,0.8287528732735805,ਹ,0.8277430799971688,ਜ਼,0.8266958117109815,ਪ,0.8113071486180476,ਈ,0.8102845783741166,ਏ,0.8070258245112398,ੳ,0.805136675681081,ਠ,0.7936238513832345,ਃ,0.7852963282505824,ਘ,0.7852858220425188,ਸ,0.7787399737841139,ਫ,0.7659849203550749,ਉ,0.7583482903654457,ਓ,0.7574823725860416,ਅ,0.7434218081748241,ਙ,0.7341099460538933,ਚ,0.7335647694634122,ਖ਼,0.7335458896773392,ਫ਼,0.7261677639894741,ਦ,0.7243312540214968,ਊ,0.7147272553401134,ਖ,0.7141369058012857,ਡ,0.7125618936478665,ਯ,0.7109835302133014,ਭ,0.7094587513408446,ਵ,0.7053591875755343,ੴ,0.6967407280663599,ਸ਼,0.6953951168121587,ਕ,0.6846712524855109,ਤ,0.6803971971823382,ੜ,0.67284702655338,ꁑ,0.6688713776152632,ਨ,0.6688061214809898,ਗ,0.6586453516658293,ਇ,0.6481221747570476,ਗ਼,0.6425909209834713,ਰ,0.6415683201007178,ਟ,0.6389337441323446,ਧ,0.6339879502286991,ਣ,0.6298263459021785,ੲ,0.6273565866379436,ਲ,0.5924212801214568,ਲ਼,0.5869575586844371,ਆ,0.5841319042737705,ਞ,0.5651541991758058,ਬ,0.5561136813832099,ਢ,0.5158691889605078,ਝ,0.4948199578477661,ਥ,0.4627063648622074,ੰ,0.0892242984578051,੍,0.08444384623178913,ਂ,0.0
13,ੱ,0.8653267100686497,ਔ,0.8472845568130278,ਐ,0.8416458328936565,ਪ,0.801708660035708,ਮ,0.7897300304779282,ਘ,0.7852413522156592,ਜ਼,0.7725332733734145,ਙ,0.7670423056196011,ਜ,0.7586875502356658,ਹ,0.7489720032020087,ੳ,0.730494113206622,ਠ,0.729165333676162,ਃ,0.7260716743678133,ਛ,0.7255610116530768,ਖ,0.7213961367437678,ਸ,0.7063546763520765,ਚ,0.6982568642080108,ਅ,0.698056130779962,ਫ,0.6859413484800753,ਖ਼,0.6786674984302081,ਓ,0.6731598778527776,ਕ,0.6669252451708219,ਉ,0.6651464733931767,ਭ,0.6586897710942323,ਏ,0.6555044185530765,ਯ,0.6513482535642896,ਡ,0.6511511067889103,ਧ,0.6432177270665216,ꁑ,0.635550109296205,ਊ,0.6308973880950145,ਇ,0.6264139282649173,ਗ,0.6246218955991747,ਈ,0.6189919215691251,ਤ,0.6111396420455302,ਵ,0.6086001001914763,ਫ਼,0.607061446853462,ਦ,0.5984931675529799,ਸ਼,0.5967599434875628,ੜ,0.5950079815772092,ਗ਼,0.5928883727083973,ਨ,0.5741497189736486,ਰ,0.5391350782059692,ੴ,0.5374908769762239,ਢ,0.526769271906611,ਲ,0.5247980636719369,ਬ,0.5191417451958383,ਲ਼,0.4782672374436223,ਥ,0.4771093409656081,ਞ,0.467746872775053,ਝ,0.46374708375898677,ਣ,0.45221881859103286,ੲ,0.4507134204530171,ਆ,0.446084232193397,ਟ,0.4039841414143298,੍,0.33403082007074236,ਂ,0.01843047047991475,ੰ,0.0
14,ਛ,0.9011014288339729,ਜ਼,0.8773975304925687,ਫ,0.8441901908253286,ਚ,0.8376995581842803,ਙ,0.8356441757061397,ਡ,0.8263677619476475,ਗ,0.8185201994947049,ਸ,0.8146245605747988,ਜ,0.8046130072716147,ਗ਼,0.8000627021861509,ਘ,0.7954304924735922,ਠ,0.7950535657375496,ਭ,0.7901571072955844,ਹ,0.7894886308826039,ਕ,0.7785072911668632,ਮ,0.7625481272094449,ਫ਼,0.7607803005767917,ਖ,0.7496019096116894,ਸ਼,0.7387555178305187,ਯ,0.7265781612662101,ੳ,0.709437172946472,ੜ,0.7091734661400658,ਧ,0.7090111643419406,ਐ,0.7086693605188041,ਖ਼,0.707521371784896,ੱ,0.7054228160361613,ਵ,0.698318009263686,ਅ,0.6898635015737782,ਪ,0.6877909030845936,ਬ,0.6870826893003693,ਔ,0.6839854300943742,ਤ,0.672207468977079,ੴ,0.6700821462890811,ਲ,0.6659368901086782,ਰ,0.6610034574836472,ꁑ,0.651902462954252,ਢ,0.6471347760223205,ਦ,0.6446167511996499,ਈ,0.6417834128532094,ਥ,0.6375067855396419,ਉ,0.6214965325520174,ਓ,0.6169428118264952,ਊ,0.5876244125120349,ਏ,0.5871025424149228,ਞ,0.5769855550453935,ਝ,0.5747307268501993,ਨ,0.5727620779367921,ਣ,0.5623762642110455,ੲ,0.5512504579734803,ਃ,0.5409775806332204,ਲ਼,0.5096814485168519,ਆ,0.47261410306061735,ਟ,0.4626239330075206,ਇ,0.4337601917594158,ਂ,0.36452705845927347,ੰ,0.1641940362434957,੍,0.0
15,ੱ,0.9168998628309832,ਐ,0.8831583404472649,ਘ,0.871319193190696,ਙ,0.8690136969576445,ਪ,0.8585973288883018,ਮ,0.8570694453789893,ਜ਼,0.856394093733448,ਜ,0.854802926786346,ਛ,0.8480860692085755,ਸ,0.8315233958159918,ਔ,0.8249773414329621,ਠ,0.8247080452122098,ੳ,0.819194104447728,ਹ,0.8092241661301081,ਫ,0.8005684886932951,ਅ,0.7987136560121737,ਚ,0.794528748190994,ਓ,0.7924802938186641,ਖ਼,0.7920430647780046,ਖ,0.785909668333989,ਏ,0.7773432608434434,ਡ,0.755702237479561,ਯ,0.7528102348636454,ਉ,0.7497554237449366,ਫ਼,0.7492920407885884,ਸ਼,0.7484532102058228,ਭ,0.7479473371026002,ਃ,0.7459756106707516,ਇ,0.7451377845662608,ਕ,0.7395237222771978,ਵ,0.7323359293727079,ꁑ,0.7260372445997343,ਦ,0.7221767935194093,ੜ,0.7191323614348875,ਧ,0.7164352235235134,ਊ,0.7062387308389573,ਤ,0.6989699609807503,ਗ,0.692503807474699,ਨ,0.6871954443024988,ਗ਼,0.672796833691067,ਈ,0.6700659198764466,ੴ,0.6623419691312611,ਲ,0.6511291878788436,ਰ,0.6435761702312435,ਢ,0.620327206115501,ਬ,0.6199878195484891,ਲ਼,0.6030976476497929,ਞ,0.6023530133557962,ੲ,0.5944843917527416,ਝ,0.5816286132883305,ਣ,0.5695079784258136,ਥ,0.5543041596611697,ਆ,0.5416305806972425,ਟ,0.4877597660561487,੍,0.3181215620098601,ੰ,0.14104380784283466,ਂ,0.0
16,ਛ,0.9011014288339729,ਜ਼,0.8773975304925687,ਫ,0.8441901908253286,ਚ,0.8376995581842803,ਙ,0.8356441757061397,ਡ,0.8263677619476475,ਗ,0.8185201994947049,ਸ,0.8146245605747988,ਜ,0.8046130072716147,ਗ਼,0.8000627021861509,ਘ,0.7954304924735922,ਠ,0.7950535657375496,ਭ,0.7901571072955844,ਹ,0.7894886308826039,ਕ,0.7785072911668632,ਮ,0.7625481272094449,ਫ਼,0.7607803005767917,ਖ,0.7496019096116894,ਸ਼,0.7387555178305187,ਯ,0.7265781612662101,ੳ,0.709437172946472,ੜ,0.7091734661400658,ਧ,0.7090111643419406,ਐ,0.7086693605188041,ਖ਼,0.707521371784896,ੱ,0.7054228160361613,ਵ,0.698318009263686,ਅ,0.6898635015737782,ਪ,0.6877909030845936,ਬ,0.6870826893003693,ਔ,0.6839854300943742,ਤ,0.672207468977079,ੴ,0.6700821462890811,ਲ,0.6659368901086782,ਰ,0.6610034574836472,ꁑ,0.651902462954252,ਢ,0.6471347760223205,ਦ,0.6446167511996499,ਈ,0.6417834128532094,ਥ,0.6375067855396419,ਉ,0.6214965325520174,ਓ,0.6169428118264952,ਊ,0.5876244125120349,ਏ,0.5871025424149228,ਞ,0.5769855550453935,ਝ,0.5747307268501993,ਨ,0.5727620779367921,ਣ,0.5623762642110455,ੲ,0.5512504579734803,ਃ,0.5409775806332204,ਲ਼,0.5096814485168519,ਆ,0.47261410306061735,ਟ,0.4626239330075206,ਇ,0.4337601917594158,ਂ,0.36452705845927347,ੰ,0.1641940362434957,੍,0.0
17,ਸ਼,0.9184314086874028,ਫ਼,0.8913467490104504,ਛ,0.871711059788248,ਸ,0.8553032416744304,ਫ,0.841773279446751,ੜ,0.8177179067770192,ਲ,0.8116422641383902,ਡ,0.8097288111704243,ਵ,0.798622946742523,ਞ,0.7981154122485441,ਙ,0.7974211405987361,ੲ,0.7914140163341662,ੴ,0.7870487741404255,ਚ,0.7816728010364477,ਖ਼,0.7654887415172557,ਝ,0.7590321778766954,ਦ,0.7584674108252136,ਬ,0.7557570762544663,ਭ,0.744290912909974,ਯ,0.740641623364004,ਜ਼,0.739807229421099,ਠ,0.7395172133611796,ਰ,0.733717711982566,ਜ,0.7322048423647849,ਓ,0.7248809661410962,ਗ਼,0.721761818706144,ਲ਼,0.7178691279068163,ਢ,0.711532961065276,ਣ,0.7072934539772034,ਘ,0.7049317963763815,ਅ,0.7040609482856719,ਏ,0.7015392361690458,ਨ,0.6958159679775997,ਗ,0.692534518727006,ਕ,0.683962129356412,ਤ,0.672350511222936,ੳ,0.6709947742937372,ꁑ,0.6667293685338695,ਥ,0.6661902443641221,ਧ,0.6584595522883496,ੰ,0.6427502279727204,ਖ,0.6334030526173977,ਉ,0.6235368119628208,ਇ,0.6167138960187988,ਹ,0.6111765381127259,ਮ,0.6091254113723097,ਊ,0.5877286919979756,ਆ,0.580393445671175,ਪ,0.5362526211833856,ਟ,0.5347287136549419,ਈ,0.48714249256700004,ਐ,0.4782110153614294,ੱ,0.4079834986536115,ਃ,0.35497005221171307,ਔ,0.23340680118506651,ਂ,0.160593550253184,੍,0.0
18,ੱ,0.9231794599936061,ਔ,0.8402135610276076,ਐ,0.8058742152240774,ਛ,0.7830345626445885,ਜ਼,0.7758889176744704,ਮ,0.7709115269197138,ਜ,0.7644679303090142,ਹ,0.7492361519955706,ਪ,0.7315084183036487,ਘ,0.729854375380437,ਠ,0.7163575019502342,ਙ,0.7082730107533151,ਸ,0.7062473127811946,ੳ,0.7037660073528489,ਫ,0.7028592920389637,ਚ,0.6848942523697376,ਈ,0.6825031559301786,ਃ,0.6695097565169101,ਏ,0.6661348752433915,ਡ,0.6575309129329755,ਖ,0.6565265933720343,ਅ,0.649422178560948,ਭ,0.6449631164881349,ਖ਼,0.6405300699848271,ਓ,0.6379155556935805,ਉ,0.6363738773873573,ਫ਼,0.6353947330273892,ਕ,0.6318869002020542,ਗ,0.6246602771278813,ਯ,0.6245825496111019,ਸ਼,0.6081827197869719,ਵ,0.6025282360309702,ਗ਼,0.6006583929990106,ਦ,0.6002917345087174,ਊ,0.5919969425072755,ਤ,0.582889124652861,ੜ,0.5818860759513731,ੴ,0.577675758819609,ꁑ,0.5773969567654335,ਧ,0.5759209043005954,ਨ,0.541992671261246,ਰ,0.5383475788888334,ਇ,0.5339264053879766,ਲ,0.5072536421444964,ਬ,0.4928202295698486,ਣ,0.4912195350089795,ੲ,0.48591609917539447,ਟ,0.4733235001317897,ਢ,0.462912932977817,ਞ,0.45406457897945585,ਲ਼,0.453307541109662,ਆ,0.43991480727808185,ਥ,0.4215382058880308,ਝ,0.41343191642542154,ਂ,0.1788960160673153,੍,0.07370345855320792,ੰ,0.0
19,ਔ,0.886701226888964,ਐ,0.8497593519564243,ੱ,0.8441253997471638,ਮ,0.8148523138446508,ਜ਼,0.811139120137174,ਪ,0.7964722316223176,ਹ,0.7960732744418568,ਜ,0.789228934027034,ਘ,0.7877716900187967,ਛ,0.7656262236362341,ਙ,0.7582336903578312,ਠ,0.7580532189700038,ੳ,0.746662380882531,ਖ,0.7374433157562674,ਃ,0.7355773285872845,ਚ,0.731186721113512,ਸ,0.726700996945243,ਫ,0.7246515347849514,ਅ,0.7028640453778452,ਕ,0.7026107536975479,ਭ,0.6987852539113959,ਈ,0.6980588244037669,ਡ,0.6934944950811869,ਖ਼,0.6857075412190269,ਉ,0.6828319055915433,ਗ,0.6821669692182564,ਯ,0.6771929241962957,ਓ,0.6648021033141944,ਧ,0.6603515143455831,ਏ,0.6598283638161633,ਗ਼,0.6515089670419543,ਊ,0.6505542374011115,ꁑ,0.6477444904191633,ਤ,0.6446540695918724,ਫ਼,0.639902444958486,ਵ,0.6348173660010701,ਦ,0.6244167012432611,ੜ,0.6193195344655928,ਸ਼,0.6140664185962843,ੴ,0.5887382381629329,ਨ,0.5864380714435523,ਰ,0.5834927644254077,ਇ,0.564257584278794,ਬ,0.5523777032055213,ਲ,0.5491784182926438,ਢ,0.5395051534592683,ਣ,0.5081103762276067,ਥ,0.5037116609321535,ਲ਼,0.49213431014448783,ਆ,0.488017212565766,ਞ,0.4875094975313973,ੲ,0.4870141913702968,ਟ,0.4818135090182494,ਝ,0.4715298765674292,੍,0.21656430248119918,ਂ,0.0606457897545889,ੰ,0.0
20,ਛ,0.957708752360002,ਜ਼,0.9178377751007658,ਫ,0.8990658338964894,ਜ,0.8988983245754588,ਹ,0.8798818562171381,ਸ,0.8793228968014473,ਠ,0.8676996278984677,ਡ,0.8665204376438953,ਚ,0.8628616040086792,ਫ਼,0.8605931110483621,ਮ,0.8593401923059496,ਈ,0.8485185627133827,ਭ,0.837542987266773,ਗ,0.8337586733822236,ਗ਼,0.8277704855766965,ਸ਼,0.8265363905610801,ਘ,0.8256855405960343,ੴ,0.8236329527915914,ੳ,0.8205701096892192,ਐ,0.8162128431947414,ਙ,0.816056663130009,ਔ,0.8137300004846847,ਵ,0.8064013279537745,ਕ,0.8059506189834909,ੱ,0.8054273893660991,ਯ,0.8041840284659572,ਦ,0.7942037278012064,ੜ,0.7940611329739509,ਖ਼,0.7916666268547382,ਏ,0.7830713600229202,ਅ,0.7787170147282073,ਖ,0.7781979729739269,ਰ,0.7726577845155126,ਤ,0.7695845319470873,ਪ,0.7666109989132343,ਉ,0.7651205941221997,ਓ,0.75438654317017,ਣ,0.7531029657830655,ਲ,0.7434341253506009,ੲ,0.7431124828001116,ਧ,0.7337480998665072,ꁑ,0.7320388053204965,ਬ,0.7292855070324438,ਊ,0.728773730798166,ਟ,0.7250512992232859,ਨ,0.7177786951542133,ਞ,0.6984310631134242,ਃ,0.6931106863240404,ਲ਼,0.667892811422546,ਢ,0.666804589030711,ਆ,0.6654944363749848,ਥ,0.6451434763838324,ਝ,0.640464630351147,ਇ,0.5706321474871305,ੰ,0.30883912055527496,ਂ,0.30690918056502337,੍,0.0
21,ਙ,0.7776142259112313,ੱ,0.746698403773154,ਛ,0.7354937287360545,ਸ,0.7158976574189084,ਸ਼,0.7046114395597787,ਇ,0.689565827255106,ਘ,0.684374402463246,ਓ,0.6628366599696391,ਫ਼,0.6572270776847728,ਫ,0.6552239012963809,ਖ਼,0.6472690094689381,ਜ,0.6391372208084793,ਜ਼,0.6370150954448099,ਏ,0.631385226773802,ਚ,0.6191237547042239,ਠ,0.6159079130884245,ਅ,0.6147538245246494,ੳ,0.5970079103798875,ਪ,0.5946291726895055,ੜ,0.5930301076268418,ਡ,0.5924487762455981,ਵ,0.5845328718129372,ਮ,0.5781615186699388,ਐ,0.5710270538689103,ਯ,0.5624124898843494,ਦ,0.5528249810524477,ਖ,0.5469473319294318,ਭ,0.5434465979301237,ਲ,0.5404844501144814,ꁑ,0.5207473136657748,ਉ,0.5144125400265218,ਨ,0.5119950313819336,ਧ,0.5080811632652167,ਕ,0.5073820497303476,ਞ,0.5060955810445873,ਹ,0.49918917735972657,ਝ,0.4958470231822871,ੴ,0.4868759752238855,ਢ,0.48529635459294784,ਬ,0.47418274392405635,ੲ,0.46955838926210036,ਤ,0.4643716183636222,ਲ਼,0.46385939748064775,ਊ,0.4553396455491283,ਗ਼,0.4519188779461073,ਗ,0.45188173380815566,ਰ,0.4464704107873523,ਥ,0.39348248350899895,ਃ,0.39239524227299993,ਣ,0.35778190669930854,ਔ,0.34549312896755857,ਈ,0.2748566348486663,ਆ,0.2735682841610493,ੰ,0.20207333057350196,੍,0.1716757426127289,ਟ,0.16462988630926356,ਂ,0.0
22,ੱ,0.9136592811219697,ਔ,0.8801930061429971,ਐ,0.8453618121574613,ਮ,0.8141068549613224,ਜ਼,0.8102175654488543,ਛ,0.8088413853533164,ਜ,0.8057660799244655,ਹ,0.7933868494560957,ਪ,0.7680251275026511,ਘ,0.7597649744122497,ਠ,0.7559662946524094,ੳ,0.7485489821997621,ਸ,0.7401244131307569,ਈ,0.739915336084786,ਫ,0.7374531192239571,ਙ,0.725298647113365,ਃ,0.7179691978178254,ਚ,0.7154226028227209,ਏ,0.7135041915396231,ਖ,0.6898226120262858,ਡ,0.6895564556480568,ਅ,0.6887986866502188,ਉ,0.6860722498030842,ਭ,0.6817661983685559,ਖ਼,0.6798171751056232,ਓ,0.6798098759887583,ਫ਼,0.6732345500641641,ਕ,0.6647866915929665,ਯ,0.6647347865918538,ਗ,0.6526659474129081,ਦ,0.647706241884443,ਵ,0.6448991005079874,ਊ,0.6421584923472559,ਸ਼,0.6412449686754325,ਗ਼,0.6300216675236014,ਤ,0.6272938175035718,ੴ,0.6255961994776447,ੜ,0.6202748265312956,ꁑ,0.6167350355563364,ਧ,0.607110053747206,ਨ,0.5880745270749884,ਰ,0.5831399521181471,ਇ,0.5580798219680101,ਣ,0.5424482007793223,ਲ,0.5405816060831057,ਟ,0.5335022569292578,ੲ,0.5325528654519736,ਬ,0.5223876245951643,ਲ਼,0.4973462830354668,ਞ,0.4915436707807199,ਆ,0.4910084307632284,ਢ,0.4854480710480895,ਥ,0.44168373237260583,ਝ,0.4404674903367276,ਂ,0.07504281643993793,੍,0.04074960152722684,ੰ,0.0
23,ਏ,0.30202638027573514,ਸ਼,0.27454733648142504,ਇ,0.27157568525190967,ਓ,0.26252329356711335,ੱ,0.2610914197905705,ਫ਼,0.2526262150361255,ਛ,0.25194640154718617,ਸ,0.2351733150522779,ੲ,0.22325781521946442,ਙ,0.21757246253892093,ਖ਼,0.2174638258125532,ਫ,0.21691833390977922,ਉ,0.21098191890904217,ੜ,0.20921171631724444,ਞ,0.2085621892994859,ਦ,0.20808543724909667,ੰ,0.20779298406491153,ਵ,0.20665708041549014,ੳ,0.2034111313241913,ੴ,0.20280795291656728,ਜ,0.20016303490613796,ਲ਼,0.19814661057905558,ਊ,0.1963727785528805,ਃ,0.19227492510392186,ਨ,0.19108182490840886,ਅ,0.18355916775194936,ਲ,0.18277742616303105,ਝ,0.18275109563592373,ਜ਼,0.1787586728662598,ਐ,0.17867882818222103,ਡ,0.17796544814304915,ਠ,0.17562914512151562,ਘ,0.1742111310784512,ਮ,0.1695261951171455,ਯ,0.1691821067942214,ਚ,0.16887369278705655,ਰ,0.16746258153464222,ਣ,0.1644778212513719,ਪ,0.16225948404804935,ਭ,0.16163590828220653,ਬ,0.15500694365626266,ꁑ,0.14737858827332495,ਤ,0.1411641584230443,ਂ,0.13477555843389988,ਹ,0.1329097919493899,ਢ,0.1322686669250973,ਟ,0.1309710249563315,ਖ,0.13093687003501453,ਧ,0.12778942398718285,ਕ,0.12113896111591804,ਈ,0.11517597597065687,ਗ਼,0.11216082122967563,ਥ,0.11036518222034786,ਗ,0.10252722149179816,ਆ,0.09920959805485341,ਔ,0.08703759093837371,੍,0.0
24,ੱ,0.9231794599936061,ਔ,0.8402135610276076,ਐ,0.8058742152240774,ਛ,0.7830345626445885,ਜ਼,0.7758889176744704,ਮ,0.7709115269197138,ਜ,0.7644679303090142,ਹ,0.7492361519955706,ਪ,0.7315084183036487,ਘ,0.729854375380437,ਠ,0.7163575019502342,ਙ,0.7082730107533151,ਸ,0.7062473127811946,ੳ,0.7037660073528489,ਫ,0.7028592920389637,ਚ,0.6848942523697376,ਈ,0.6825031559301786,ਃ,0.6695097565169101,ਏ,0.6661348752433915,ਡ,0.6575309129329755,ਖ,0.6565265933720343,ਅ,0.649422178560948,ਭ,0.6449631164881349,ਖ਼,0.6405300699848271,ਓ,0.6379155556935805,ਉ,0.6363738773873573,ਫ਼,0.6353947330273892,ਕ,0.6318869002020542,ਗ,0.6246602771278813,ਯ,0.6245825496111019,ਸ਼,0.6081827197869719,ਵ,0.6025282360309702,ਗ਼,0.6006583929990106,ਦ,0.6002917345087174,ਊ,0.5919969425072755,ਤ,0.582889124652861,ੜ,0.5818860759513731,ੴ,0.577675758819609,ꁑ,0.5773969567654335,ਧ,0.5759209043005954,ਨ,0.541992671261246,ਰ,0.5383475788888334,ਇ,0.5339264053879766,ਲ,0.5072536421444964,ਬ,0.4928202295698486,ਣ,0.4912195350089795,ੲ,0.48591609917539447,ਟ,0.4733235001317897,ਢ,0.462912932977817,ਞ,0.45406457897945585,ਲ਼,0.453307541109662,ਆ,0.43991480727808185,ਥ,0.4215382058880308,ਝ,0.41343191642542154,ਂ,0.1788960160673153,੍,0.07370345855320792,ੰ,0.0
25,ੱ,0.950808148186302,ਐ,0.9113809820631917,ਔ,0.8956514401959299,ਮ,0.8664193519097327,ਜ,0.8539846559165065,ਪ,0.8531788212716351,ਏ,0.8528169507080323,ੳ,0.8326624527582421,ਃ,0.824202828783022,ਜ਼,0.8222336636122057,ਛ,0.8209576545400998,ਘ,0.8186545719719558,ਹ,0.8174629548512444,ਓ,0.8164605204263609,ਠ,0.8050287359830675,ਸ,0.8001698140671446,ਉ,0.7929452962604351,ਅ,0.7848082107314233,ਙ,0.7799500346753463,ਖ਼,0.7760896153314599,ਈ,0.7757515059914035,ਫ,0.7702269862243747,ਇ,0.7633411636626275,ਦ,0.7521760792032279,ਊ,0.7518321106819233,ਫ਼,0.744184156560616,ਚ,0.7421883198985908,ਖ,0.7418540113482031,ਯ,0.7346929142257441,ਵ,0.7323920308730105,ਸ਼,0.7309370573325087,ਭ,0.717027944693136,ਡ,0.7153018885503685,ਨ,0.7151608239466776,ꁑ,0.7094040661272589,ੜ,0.7035205804687386,ੴ,0.7022087531321031,ਤ,0.7008262795626744,ਕ,0.6948514492958784,ਧ,0.6682408543676346,ਰ,0.6570381373213029,ੲ,0.6552812555343495,ਗ,0.64573582363949,ਲ਼,0.6397294259417379,ਣ,0.6374554102067643,ਗ਼,0.6316841246131656,ਲ,0.6272375282985251,ਟ,0.6265370740928087,ਞ,0.6112033329424225,ਆ,0.6067364830104867,ਬ,0.5830346528116532,ਢ,0.5623706169884934,ਝ,0.553805490308828,ਥ,0.4990546771404676,੍,0.270213012122157,ੰ,0.18655304154617158,ਂ,0.0
26,ਏ,0.30202638027573514,ਸ਼,0.27454733648142504,ਇ,0.27157568525190967,ਓ,0.26252329356711335,ੱ,0.2610914197905705,ਫ਼,0.2526262150361255,ਛ,0.25194640154718617,ਸ,0.2351733150522779,ੲ,0.22325781521946442,ਙ,0.21757246253892093,ਖ਼,0.2174638258125532,ਫ,0.21691833390977922,ਉ,0.21098191890904217,ੜ,0.20921171631724444,ਞ,0.2085621892994859,ਦ,0.20808543724909667,ੰ,0.20779298406491153,ਵ,0.20665708041549014,ੳ,0.2034111313241913,ੴ,0.20280795291656728,ਜ,0.20016303490613796,ਲ਼,0.19814661057905558,ਊ,0.1963727785528805,ਃ,0.19227492510392186,ਨ,0.19108182490840886,ਅ,0.18355916775194936,ਲ,0.18277742616303105,ਝ,0.18275109563592373,ਜ਼,0.1787586728662598,ਐ,0.17867882818222103,ਡ,0.17796544814304915,ਠ,0.17562914512151562,ਘ,0.1742111310784512,ਮ,0.1695261951171455,ਯ,0.1691821067942214,ਚ,0.16887369278705655,ਰ,0.16746258153464222,ਣ,0.1644778212513719,ਪ,0.16225948404804935,ਭ,0.16163590828220653,ਬ,0.15500694365626266,ꁑ,0.14737858827332495,ਤ,0.1411641584230443,ਂ,0.13477555843389988,ਹ,0.1329097919493899,ਢ,0.1322686669250973,ਟ,0.1309710249563315,ਖ,0.13093687003501453,ਧ,0.12778942398718285,ਕ,0.12113896111591804,ਈ,0.11517597597065687,ਗ਼,0.11216082122967563,ਥ,0.11036518222034786,ਗ,0.10252722149179816,ਆ,0.09920959805485341,ਔ,0.08703759093837371,੍,0.0
27,ੱ,0.946660609758592,ਐ,0.8720742628835164,ਔ,0.8691251929930133,ਮ,0.8390977936051919,ਛ,0.8377142423006695,ਜ,0.8356551015720093,ਜ਼,0.8317526927787986,ਪ,0.8054597700305798,ਹ,0.8033035492048732,ਘ,0.8018248002183173,ਠ,0.7856691411382692,ੳ,0.7834282925422701,ਸ,0.7820044990672581,ਙ,0.7761926645773473,ਫ,0.7650389527951489,ਏ,0.7600490663827013,ਚ,0.740892780523548,ਓ,0.7337699503239907,ਃ,0.7332422301576047,ਅ,0.731458295290597,ਖ਼,0.7242754855088528,ਈ,0.7239218811956518,ਉ,0.7163409098553901,ਖ,0.7160074000730837,ਡ,0.7107079966098301,ਫ਼,0.7091379518625673,ਭ,0.7003774870664002,ਯ,0.6946033791500864,ਸ਼,0.6875188886166366,ਦ,0.6822909472026297,ਕ,0.6807146404653055,ਵ,0.6795787680552552,ਊ,0.6672097868923379,ੜ,0.6553031045899684,ਗ,0.6526024018298573,ꁑ,0.6495746158627724,ਤ,0.6474747143867641,ੴ,0.6443589948227004,ਇ,0.634937602145669,ਧ,0.6317829274257127,ਗ਼,0.6315076971172187,ਨ,0.6255206919336718,ਰ,0.5994359456383633,ਲ,0.572609271952872,ੲ,0.5610322816677628,ਣ,0.5525725940649125,ਬ,0.541206564106415,ਲ਼,0.533195917452615,ਞ,0.526534414933201,ਟ,0.5195078098968486,ਢ,0.5127489765695241,ਆ,0.5014425255769379,ਝ,0.47554923074396993,ਥ,0.45358688519891255,੍,0.08363464741394366,ੰ,0.017370329330407164,ਂ,0.0
28,ੱ,0.8778011446858127,ਜ਼,0.7728306807450732,ਔ,0.7717901079938982,ਛ,0.7696572861069755,ਐ,0.7684677759383642,ਙ,0.7593595935098358,ਘ,0.747699410241657,ਮ,0.7399519107356229,ਜ,0.7352523169138808,ਪ,0.7218973955276639,ਹ,0.7163242537393327,ਠ,0.7041105835404735,ਸ,0.7029321497978367,ਚ,0.6998942671323026,ਫ,0.6988819330345695,ਖ,0.6758562023643542,ੳ,0.6744885171455942,ਡ,0.6634781308342792,ਭ,0.6483859306432509,ਕ,0.6477093916624151,ਅ,0.6407996596395279,ਗ,0.6394732195504376,ਖ਼,0.6354276575959465,ਯ,0.6177322857565707,ਃ,0.6159557662775514,ਫ਼,0.6141605814642837,ਗ਼,0.6104975825890714,ਓ,0.6071383290861365,ਧ,0.6033032683684346,ਸ਼,0.6008249235320496,ਏ,0.5950201094134582,ਉ,0.5930079910786672,ਵ,0.5809429818643311,ਈ,0.576452132137151,ꁑ,0.5762616257922355,ੜ,0.5755572085898466,ਤ,0.5649002517968671,ਦ,0.5552671632070704,ਊ,0.5523385645923014,ਇ,0.5244580403570329,ੴ,0.5238285071297218,ਰ,0.5127198783389382,ਬ,0.5120963003015778,ਲ,0.5099566366210435,ਨ,0.5076436338264496,ਢ,0.5027155266631786,ਥ,0.46512123816731077,ਞ,0.43750424492112183,ਝ,0.433706141821004,ੲ,0.4219185338158994,ਣ,0.4201821105314374,ਲ਼,0.4175136623752387,ਆ,0.374702512340929,ਟ,0.35301327968244167,ਂ,0.23368302861891244,੍,0.1755520688271529,ੰ,0.0
29,ੱ,0.8965085775355126,ਔ,0.8143058517771468,ਐ,0.7759171842811357,ਛ,0.7676852247311144,ਜ਼,0.76336799745121,ਮ,0.7452276798484542,ਜ,0.7392065525745508,ਹ,0.7297367752823393,ਘ,0.7151612694623967,ਪ,0.7069477427340853,ਙ,0.7030175794752959,ਠ,0.6970905776771632,ਫ,0.6891075241314946,ਸ,0.6866861729984136,ਚ,0.6778625604284068,ੳ,0.6750571262319405,ਡ,0.6500532486302558,ਈ,0.6493880084915103,ਖ,0.647961283949388,ਃ,0.6364593248210055,ਭ,0.635967150516354,ਗ,0.628668975021456,ਕ,0.627858542067592,ਅ,0.6254026307150059,ਏ,0.6197031467908831,ਖ਼,0.6174376796341257,ਫ਼,0.6134339824111273,ਯ,0.6071560360598474,ਉ,0.6040644058890854,ਗ਼,0.6029189904029963,ਓ,0.6018537780403707,ਸ਼,0.5869466667344816,ਵ,0.5791334544544549,ਧ,0.5715707336477619,ਦ,0.5686575803332905,ਤ,0.5650265945247098,ੜ,0.5638996103934845,ਊ,0.5626604446156411,ꁑ,0.5599032012757108,ੴ,0.5509605823788007,ਰ,0.5208706147135841,ਨ,0.5119195057241184,ਇ,0.49659288166467874,ਲ,0.4948571244013261,ਬ,0.490847919740768,ਢ,0.46430333375992383,ਣ,0.4622215156559798,ੲ,0.4527651508444889,ਟ,0.4364280219227461,ਞ,0.4337799337477094,ਥ,0.4307143100447036,ਲ਼,0.42467147246253956,ਆ,0.41154550616508445,ਝ,0.40552891013766745,ਂ,0.24727243533418586,੍,0.0894721291110725,ੰ,0.0
30,ਏ,0.30202638027573514,ਸ਼,0.27454733648142504,ਇ,0.27157568525190967,ਓ,0.26252329356711335,ੱ,0.2610914197905705,ਫ਼,0.2526262150361255,ਛ,0.25194640154718617,ਸ,0.2351733150522779,ੲ,0.22325781521946442,ਙ,0.21757246253892093,ਖ਼,0.2174638258125532,ਫ,0.21691833390977922,ਉ,0.21098191890904217,ੜ,0.20921171631724444,ਞ,0.2085621892994859,ਦ,0.20808543724909667,ੰ,0.20779298406491153,ਵ,0.20665708041549014,ੳ,0.2034111313241913,ੴ,0.20280795291656728,ਜ,0.20016303490613796,ਲ਼,0.19814661057905558,ਊ,0.1963727785528805,ਃ,0.19227492510392186,ਨ,0.19108182490840886,ਅ,0.18355916775194936,ਲ,0.18277742616303105,ਝ,0.18275109563592373,ਜ਼,0.1787586728662598,ਐ,0.17867882818222103,ਡ,0.17796544814304915,ਠ,0.17562914512151562,ਘ,0.1742111310784512,ਮ,0.1695261951171455,ਯ,0.1691821067942214,ਚ,0.16887369278705655,ਰ,0.16746258153464222,ਣ,0.1644778212513719,ਪ,0.16225948404804935,ਭ,0.16163590828220653,ਬ,0.15500694365626266,ꁑ,0.14737858827332495,ਤ,0.1411641584230443,ਂ,0.13477555843389988,ਹ,0.1329097919493899,ਢ,0.1322686669250973,ਟ,0.1309710249563315,ਖ,0.13093687003501453,ਧ,0.12778942398718285,ਕ,0.12113896111591804,ਈ,0.11517597597065687,ਗ਼,0.11216082122967563,ਥ,0.11036518222034786,ਗ,0.10252722149179816,ਆ,0.09920959805485341,ਔ,0.08703759093837371,੍,0.0
31,ੱ,0.8778011446858127,ਜ਼,0.7728306807450732,ਔ,0.7717901079938982,ਛ,0.7696572861069755,ਐ,0.7684677759383642,ਙ,0.7593595935098358,ਘ,0.747699410241657,ਮ,0.7399519107356229,ਜ,0.7352523169138808,ਪ,0.7218973955276639,ਹ,0.7163242537393327,ਠ,0.7041105835404735,ਸ,0.7029321497978367,ਚ,0.6998942671323026,ਫ,0.6988819330345695,ਖ,0.6758562023643542,ੳ,0.6744885171455942,ਡ,0.6634781308342792,ਭ,0.6483859306432509,ਕ,0.6477093916624151,ਅ,0.6407996596395279,ਗ,0.6394732195504376,ਖ਼,0.6354276575959465,ਯ,0.6177322857565707,ਃ,0.6159557662775514,ਫ਼,0.6141605814642837,ਗ਼,0.6104975825890714,ਓ,0.6071383290861365,ਧ,0.6033032683684346,ਸ਼,0.6008249235320496,ਏ,0.5950201094134582,ਉ,0.5930079910786672,ਵ,0.5809429818643311,ਈ,0.576452132137151,ꁑ,0.5762616257922355,ੜ,0.5755572085898466,ਤ,0.5649002517968671,ਦ,0.5552671632070704,ਊ,0.5523385645923014,ਇ,0.5244580403570329,ੴ,0.5238285071297218,ਰ,0.5127198783389382,ਬ,0.5120963003015778,ਲ,0.5099566366210435,ਨ,0.5076436338264496,ਢ,0.5027155266631786,ਥ,0.46512123816731077,ਞ,0.43750424492112183,ਝ,0.433706141821004,ੲ,0.4219185338158994,ਣ,0.4201821105314374,ਲ਼,0.4175136623752387,ਆ,0.374702512340929,ਟ,0.35301327968244167,ਂ,0.23368302861891244,੍,0.1755520688271529,ੰ,0.0
32,ੱ,0.8965085775355126,ਔ,0.8143058517771468,ਐ,0.7759171842811357,ਛ,0.7676852247311144,ਜ਼,0.76336799745121,ਮ,0.7452276798484542,ਜ,0.7392065525745508,ਹ,0.7297367752823393,ਘ,0.7151612694623967,ਪ,0.7069477427340853,ਙ,0.7030175794752959,ਠ,0.6970905776771632,ਫ,0.6891075241314946,ਸ,0.6866861729984136,ਚ,0.6778625604284068,ੳ,0.6750571262319405,ਡ,0.6500532486302558,ਈ,0.6493880084915103,ਖ,0.647961283949388,ਃ,0.6364593248210055,ਭ,0.635967150516354,ਗ,0.628668975021456,ਕ,0.627858542067592,ਅ,0.6254026307150059,ਏ,0.6197031467908831,ਖ਼,0.6174376796341257,ਫ਼,0.6134339824111273,ਯ,0.6071560360598474,ਉ,0.6040644058890854,ਗ਼,0.6029189904029963,ਓ,0.6018537780403707,ਸ਼,0.5869466667344816,ਵ,0.5791334544544549,ਧ,0.5715707336477619,ਦ,0.5686575803332905,ਤ,0.5650265945247098,ੜ,0.5638996103934845,ਊ,0.5626604446156411,ꁑ,0.5599032012757108,ੴ,0.5509605823788007,ਰ,0.5208706147135841,ਨ,0.5119195057241184,ਇ,0.49659288166467874,ਲ,0.4948571244013261,ਬ,0.490847919740768,ਢ,0.46430333375992383,ਣ,0.4622215156559798,ੲ,0.4527651508444889,ਟ,0.4364280219227461,ਞ,0.4337799337477094,ਥ,0.4307143100447036,ਲ਼,0.42467147246253956,ਆ,0.41154550616508445,ਝ,0.40552891013766745,ਂ,0.24727243533418586,੍,0.0894721291110725,ੰ,0.0
